Jerzy,Gronostaj ,14.03.1967
Bogdana,Mazurkiewicz,2.01.1970
Przemysław,Kaczmarz,6.01.1970
Imie4,Nazwisko4,21.09.1945
Imie5,Nazwisko5,21.08.1995
Imie6,Nazwisko6,26.09.1969
Imie7,Nazwisko7,23.06.1959
Imie8,Nazwisko8,16.05.1975
Imie9,Nazwisko9,9.10.1973
Imie10,Nazwisko10,25.03.1959
Imie11,Nazwisko11,23.04.2009
Imie12,Nazwisko12,28.04.2011
Imie13,Nazwisko13,27.10.2020
Imie14,Nazwisko14,7.11.1943
Imie15,Nazwisko15,1.06.1998
Imie16,Nazwisko16,14.09.1995
Imie17,Nazwisko17,15.09.1974
Imie18,Nazwisko18,2.10.1970
Imie19,Nazwisko19,23.03.1970
Imie20,Nazwisko20,22.08.2006
Imie21,Nazwisko21,8.12.1978
Imie22,Nazwisko22,18.04.1960
Imie23,Nazwisko23,21.06.1952
Imie24,Nazwisko24,14.10.1992
Imie25,Nazwisko25,6.06.2008
Imie26,Nazwisko26,26.06.1966
Imie27,Nazwisko27,23.10.1967
Imie28,Nazwisko28,22.01.2000
Imie29,Nazwisko29,23.11.1973
Imie30,Nazwisko30,13.05.2005
Imie31,Nazwisko31,3.08.2011
Imie32,Nazwisko32,20.08.2017
Imie33,Nazwisko33,13.05.1977
Imie34,Nazwisko34,15.06.2011
Imie35,Nazwisko35,23.10.2003
Imie36,Nazwisko36,26.07.2005
Imie37,Nazwisko37,5.09.1940
Imie38,Nazwisko38,23.05.1961
Imie39,Nazwisko39,9.06.1978
Imie40,Nazwisko40,10.01.2013
Imie41,Nazwisko41,28.05.1952
Imie42,Nazwisko42,20.10.1987
Imie43,Nazwisko43,19.08.1990
Imie44,Nazwisko44,25.11.2007
Imie45,Nazwisko45,19.09.1941
Imie46,Nazwisko46,25.06.1982
Imie47,Nazwisko47,24.08.2018
Imie48,Nazwisko48,8.05.1947
Imie49,Nazwisko49,11.10.2007
Imie50,Nazwisko50,20.04.1976
Imie51,Nazwisko51,1.08.1966
Imie52,Nazwisko52,22.05.2007
Imie53,Nazwisko53,20.05.1947
Imie54,Nazwisko54,28.02.1977
Imie55,Nazwisko55,8.12.2019
Imie56,Nazwisko56,27.01.1974
Imie57,Nazwisko57,6.11.1954
Imie58,Nazwisko58,7.04.2008
Imie59,Nazwisko59,3.04.1948
Imie60,Nazwisko60,28.10.1957
Imie61,Nazwisko61,22.10.2006
Imie62,Nazwisko62,27.03.1980
Imie63,Nazwisko63,18.03.1975
Imie64,Nazwisko64,9.07.1950
Imie65,Nazwisko65,3.09.2004
Imie66,Nazwisko66,18.08.1972
Imie67,Nazwisko67,19.11.1994
Imie68,Nazwisko68,3.10.1956
Imie69,Nazwisko69,16.06.1951
Imie70,Nazwisko70,3.01.1993
Imie71,Nazwisko71,13.06.1994
Imie72,Nazwisko72,23.02.1989
Imie73,Nazwisko73,4.03.1994
Imie74,Nazwisko74,28.08.1958
Imie75,Nazwisko75,12.03.1975
Imie76,Nazwisko76,9.04.1955
Imie77,Nazwisko77,22.05.1974
Imie78,Nazwisko78,23.05.1943
Imie79,Nazwisko79,9.09.1960
Imie80,Nazwisko80,28.05.1962
Imie81,Nazwisko81,4.09.2008
Imie82,Nazwisko82,12.02.1944
Imie83,Nazwisko83,16.10.1955
Imie84,Nazwisko84,12.06.1965
Imie85,Nazwisko85,12.06.1968
Imie86,Nazwisko86,2.10.1950
Imie87,Nazwisko87,24.03.1987
Imie88,Nazwisko88,7.10.1995
Imie89,Nazwisko89,22.08.1993
Imie90,Nazwisko90,21.02.1994
Imie91,Nazwisko91,18.05.1959
Imie92,Nazwisko92,18.07.1990
Imie93,Nazwisko93,7.01.1967
Imie94,Nazwisko94,11.11.2018
Imie95,Nazwisko95,26.10.2002
Imie96,Nazwisko96,4.02.1944
Imie97,Nazwisko97,16.03.1970
Imie98,Nazwisko98,19.11.2010
Imie99,Nazwisko99,23.04.1940
Imie100,Nazwisko100,13.04.1989
Imie101,Nazwisko101,2.05.1943
Imie102,Nazwisko102,22.12.2002
Imie103,Nazwisko103,7.10.1975
Imie104,Nazwisko104,25.08.2006
Imie105,Nazwisko105,14.08.1968
Imie106,Nazwisko106,4.08.1993
Imie107,Nazwisko107,17.03.2000
Imie108,Nazwisko108,8.01.2012
Imie109,Nazwisko109,19.02.1980
Imie110,Nazwisko110,16.11.1945
Imie111,Nazwisko111,2.12.1996
Imie112,Nazwisko112,21.02.1986
Imie113,Nazwisko113,8.03.1989
Imie114,Nazwisko114,26.07.1952
Imie115,Nazwisko115,14.12.1981
Imie116,Nazwisko116,14.05.1989
Imie117,Nazwisko117,26.06.1996
Imie118,Nazwisko118,23.12.2004
Imie119,Nazwisko119,9.10.2017
Imie120,Nazwisko120,17.10.1942
Imie121,Nazwisko121,5.11.1963
Imie122,Nazwisko122,20.05.1974
Imie123,Nazwisko123,13.06.2010
Imie124,Nazwisko124,5.06.1940
Imie125,Nazwisko125,17.11.2012
Imie126,Nazwisko126,19.07.2014
Imie127,Nazwisko127,2.06.1958
Imie128,Nazwisko128,8.07.1977
Imie129,Nazwisko129,2.01.1979
Imie130,Nazwisko130,24.05.1998
Imie131,Nazwisko131,25.02.2016
Imie132,Nazwisko132,15.11.1991
Imie133,Nazwisko133,7.09.1954
Imie134,Nazwisko134,4.03.1988
Imie135,Nazwisko135,7.03.1963
Imie136,Nazwisko136,12.06.2013
Imie137,Nazwisko137,21.10.1940
Imie138,Nazwisko138,26.06.1954
Imie139,Nazwisko139,11.01.2013
Imie140,Nazwisko140,15.10.1954
Imie141,Nazwisko141,11.10.1964
Imie142,Nazwisko142,27.06.1989
Imie143,Nazwisko143,7.07.2016
Imie144,Nazwisko144,12.02.1959
Imie145,Nazwisko145,20.10.2001
Imie146,Nazwisko146,27.05.2003
Imie147,Nazwisko147,11.09.1992
Imie148,Nazwisko148,20.09.1971
Imie149,Nazwisko149,16.02.1940
Imie150,Nazwisko150,7.01.2016
Imie151,Nazwisko151,22.03.1963
Imie152,Nazwisko152,25.08.1965
Imie153,Nazwisko153,7.05.1991
Imie154,Nazwisko154,9.09.2013
Imie155,Nazwisko155,2.08.1966
Imie156,Nazwisko156,8.11.2000
Imie157,Nazwisko157,13.09.1951
Imie158,Nazwisko158,19.10.1957
Imie159,Nazwisko159,28.09.1946
Imie160,Nazwisko160,22.12.2017
Imie161,Nazwisko161,27.11.1958
Imie162,Nazwisko162,23.06.1998
Imie163,Nazwisko163,21.05.1949
Imie164,Nazwisko164,9.07.2015
Imie165,Nazwisko165,4.10.1957
Imie166,Nazwisko166,6.02.1951
Imie167,Nazwisko167,15.07.2006
Imie168,Nazwisko168,5.11.1950
Imie169,Nazwisko169,28.10.2012
Imie170,Nazwisko170,22.08.2015
Imie171,Nazwisko171,2.07.1959
Imie172,Nazwisko172,22.09.1982
Imie173,Nazwisko173,9.04.1950
Imie174,Nazwisko174,15.03.1942
Imie175,Nazwisko175,12.07.2017
Imie176,Nazwisko176,4.08.1962
Imie177,Nazwisko177,10.07.1990
Imie178,Nazwisko178,26.12.1947
Imie179,Nazwisko179,7.03.1982
Imie180,Nazwisko180,22.09.1979
Imie181,Nazwisko181,27.09.1986
Imie182,Nazwisko182,15.01.1977
Imie183,Nazwisko183,17.07.2006
Imie184,Nazwisko184,14.04.1961
Imie185,Nazwisko185,26.05.1992
Imie186,Nazwisko186,22.11.1995
Imie187,Nazwisko187,8.03.1951
Imie188,Nazwisko188,21.08.1995
Imie189,Nazwisko189,3.04.2004
Imie190,Nazwisko190,2.08.1998
Imie191,Nazwisko191,20.03.1963
Imie192,Nazwisko192,17.09.1959
Imie193,Nazwisko193,18.12.1945
Imie194,Nazwisko194,28.07.2004
Imie195,Nazwisko195,19.06.1957
Imie196,Nazwisko196,9.10.1941
Imie197,Nazwisko197,24.02.2014
Imie198,Nazwisko198,26.12.2014
Imie199,Nazwisko199,20.01.1970
Imie200,Nazwisko200,17.01.2010
Imie201,Nazwisko201,3.09.2020
Imie202,Nazwisko202,7.07.1947
Imie203,Nazwisko203,8.03.2008
Imie204,Nazwisko204,4.05.1999
Imie205,Nazwisko205,9.11.1952
Imie206,Nazwisko206,20.08.1975
Imie207,Nazwisko207,17.08.1997
Imie208,Nazwisko208,11.08.1999
Imie209,Nazwisko209,27.11.2004
Imie210,Nazwisko210,4.02.1944
Imie211,Nazwisko211,17.07.1958
Imie212,Nazwisko212,20.10.2016
Imie213,Nazwisko213,11.01.2009
Imie214,Nazwisko214,5.09.2019
Imie215,Nazwisko215,19.06.1948
Imie216,Nazwisko216,4.09.1976
Imie217,Nazwisko217,9.05.1995
Imie218,Nazwisko218,14.01.1958
Imie219,Nazwisko219,4.03.1950
Imie220,Nazwisko220,26.06.1969
Imie221,Nazwisko221,10.04.1978
Imie222,Nazwisko222,23.11.1990
Imie223,Nazwisko223,26.02.1978
Imie224,Nazwisko224,19.09.1958
Imie225,Nazwisko225,22.04.1984
Imie226,Nazwisko226,12.05.1961
Imie227,Nazwisko227,4.01.2010
Imie228,Nazwisko228,2.05.1963
Imie229,Nazwisko229,3.03.2006
Imie230,Nazwisko230,7.11.1999
Imie231,Nazwisko231,7.08.1941
Imie232,Nazwisko232,5.05.1989
Imie233,Nazwisko233,6.08.1982
Imie234,Nazwisko234,7.07.2013
Imie235,Nazwisko235,11.12.1973
Imie236,Nazwisko236,27.06.2009
Imie237,Nazwisko237,17.01.1965
Imie238,Nazwisko238,12.03.1954
Imie239,Nazwisko239,22.07.2007
Imie240,Nazwisko240,9.06.1945
Imie241,Nazwisko241,20.12.1949
Imie242,Nazwisko242,1.10.1953
Imie243,Nazwisko243,5.12.2019
Imie244,Nazwisko244,28.05.1957
Imie245,Nazwisko245,24.10.2002
Imie246,Nazwisko246,2.10.2020
Imie247,Nazwisko247,22.01.1978
Imie248,Nazwisko248,3.01.1946
Imie249,Nazwisko249,6.10.1979
Imie250,Nazwisko250,28.07.1977
Imie251,Nazwisko251,17.05.1981
Imie252,Nazwisko252,20.08.1960
Imie253,Nazwisko253,5.02.1969
