Jerzy,Gronostaj,59
Bogdana,Mazurkiewicz,56
Przemysław,Kaczmarz,56
Imie4,Nazwisko4,80
Imie5,Nazwisko5,30
Imie6,Nazwisko6,56
Imie7,Nazwisko7,66
Imie8,Nazwisko8,51
Imie9,Nazwisko9,52
Imie10,Nazwisko10,67
Imie11,Nazwisko11,17
Imie12,Nazwisko12,15
Imie13,Nazwisko13,5
Imie14,Nazwisko14,82
Imie15,Nazwisko15,27
Imie16,Nazwisko16,30
Imie17,Nazwisko17,51
Imie18,Nazwisko18,55
Imie19,Nazwisko19,56
Imie20,Nazwisko20,19
Imie21,Nazwisko21,47
Imie22,Nazwisko22,66
Imie23,Nazwisko23,73
Imie24,Nazwisko24,33
Imie25,Nazwisko25,17
Imie26,Nazwisko26,59
Imie27,Nazwisko27,58
Imie28,Nazwisko28,26
Imie29,Nazwisko29,52
Imie30,Nazwisko30,21
Imie31,Nazwisko31,14
Imie32,Nazwisko32,8
Imie33,Nazwisko33,49
Imie34,Nazwisko34,14
Imie35,Nazwisko35,22
Imie36,Nazwisko36,20
Imie37,Nazwisko37,85
Imie38,Nazwisko38,64
Imie39,Nazwisko39,47
Imie40,Nazwisko40,13
Imie41,Nazwisko41,73
Imie42,Nazwisko42,38
Imie43,Nazwisko43,35
Imie44,Nazwisko44,18
Imie45,Nazwisko45,84
Imie46,Nazwisko46,43
Imie47,Nazwisko47,7
Imie48,Nazwisko48,79
Imie49,Nazwisko49,18
Imie50,Nazwisko50,50
Imie51,Nazwisko51,59
Imie52,Nazwisko52,19
Imie53,Nazwisko53,79
Imie54,Nazwisko54,49
Imie55,Nazwisko55,6
Imie56,Nazwisko56,52
Imie57,Nazwisko57,71
Imie58,Nazwisko58,18
Imie59,Nazwisko59,78
Imie60,Nazwisko60,68
Imie61,Nazwisko61,19
Imie62,Nazwisko62,46
Imie63,Nazwisko63,51
Imie64,Nazwisko64,75
Imie65,Nazwisko65,21
Imie66,Nazwisko66,53
Imie67,Nazwisko67,31
Imie68,Nazwisko68,69
Imie69,Nazwisko69,74
Imie70,Nazwisko70,33
Imie71,Nazwisko71,31
Imie72,Nazwisko72,37
Imie73,Nazwisko73,32
Imie74,Nazwisko74,67
Imie75,Nazwisko75,51
Imie76,Nazwisko76,71
Imie77,Nazwisko77,52
Imie78,Nazwisko78,82
Imie79,Nazwisko79,65
Imie80,Nazwisko80,63
Imie81,Nazwisko81,17
Imie82,Nazwisko82,82
Imie83,Nazwisko83,70
Imie84,Nazwisko84,60
Imie85,Nazwisko85,57
Imie86,Nazwisko86,75
Imie87,Nazwisko87,39
Imie88,Nazwisko88,30
Imie89,Nazwisko89,32
Imie90,Nazwisko90,32
Imie91,Nazwisko91,67
Imie92,Nazwisko92,35
Imie93,Nazwisko93,59
Imie94,Nazwisko94,7
Imie95,Nazwisko95,23
Imie96,Nazwisko96,82
Imie97,Nazwisko97,56
Imie98,Nazwisko98,15
Imie99,Nazwisko99,86
Imie100,Nazwisko100,37
Imie101,Nazwisko101,83
Imie102,Nazwisko102,23
Imie103,Nazwisko103,50
Imie104,Nazwisko104,19
Imie105,Nazwisko105,57
Imie106,Nazwisko106,32
Imie107,Nazwisko107,26
Imie108,Nazwisko108,14
Imie109,Nazwisko109,46
Imie110,Nazwisko110,80
Imie111,Nazwisko111,29
Imie112,Nazwisko112,40
Imie113,Nazwisko113,37
Imie114,Nazwisko114,73
Imie115,Nazwisko115,44
Imie116,Nazwisko116,37
Imie117,Nazwisko117,29
Imie118,Nazwisko118,21
Imie119,Nazwisko119,8
Imie120,Nazwisko120,83
Imie121,Nazwisko121,62
Imie122,Nazwisko122,52
Imie123,Nazwisko123,15
Imie124,Nazwisko124,85
Imie125,Nazwisko125,13
Imie126,Nazwisko126,11
Imie127,Nazwisko127,67
Imie128,Nazwisko128,48
Imie129,Nazwisko129,47
Imie130,Nazwisko130,27
Imie131,Nazwisko131,10
Imie132,Nazwisko132,34
Imie133,Nazwisko133,71
Imie134,Nazwisko134,38
Imie135,Nazwisko135,63
Imie136,Nazwisko136,12
Imie137,Nazwisko137,85
Imie138,Nazwisko138,71
Imie139,Nazwisko139,13
Imie140,Nazwisko140,71
Imie141,Nazwisko141,61
Imie142,Nazwisko142,36
Imie143,Nazwisko143,9
Imie144,Nazwisko144,67
Imie145,Nazwisko145,24
Imie146,Nazwisko146,22
Imie147,Nazwisko147,33
Imie148,Nazwisko148,54
Imie149,Nazwisko149,86
Imie150,Nazwisko150,10
Imie151,Nazwisko151,63
Imie152,Nazwisko152,60
Imie153,Nazwisko153,35
Imie154,Nazwisko154,12
Imie155,Nazwisko155,59
Imie156,Nazwisko156,25
Imie157,Nazwisko157,74
Imie158,Nazwisko158,68
Imie159,Nazwisko159,79
Imie160,Nazwisko160,8
Imie161,Nazwisko161,67
Imie162,Nazwisko162,27
Imie163,Nazwisko163,77
Imie164,Nazwisko164,10
Imie165,Nazwisko165,68
Imie166,Nazwisko166,75
Imie167,Nazwisko167,19
Imie168,Nazwisko168,75
Imie169,Nazwisko169,13
Imie170,Nazwisko170,10
Imie171,Nazwisko171,66
Imie172,Nazwisko172,43
Imie173,Nazwisko173,76
Imie174,Nazwisko174,84
Imie175,Nazwisko175,8
Imie176,Nazwisko176,63
Imie177,Nazwisko177,35
Imie178,Nazwisko178,78
Imie179,Nazwisko179,44
Imie180,Nazwisko180,46
Imie181,Nazwisko181,39
Imie182,Nazwisko182,49
Imie183,Nazwisko183,19
Imie184,Nazwisko184,65
Imie185,Nazwisko185,33
Imie186,Nazwisko186,30
Imie187,Nazwisko187,75
Imie188,Nazwisko188,30
Imie189,Nazwisko189,22
Imie190,Nazwisko190,27
Imie191,Nazwisko191,63
Imie192,Nazwisko192,66
Imie193,Nazwisko193,80
Imie194,Nazwisko194,21
Imie195,Nazwisko195,68
Imie196,Nazwisko196,84
Imie197,Nazwisko197,12
Imie198,Nazwisko198,11
Imie199,Nazwisko199,56
Imie200,Nazwisko200,16
Imie201,Nazwisko201,5
Imie202,Nazwisko202,78
Imie203,Nazwisko203,18
Imie204,Nazwisko204,27
Imie205,Nazwisko205,73
Imie206,Nazwisko206,50
Imie207,Nazwisko207,28
Imie208,Nazwisko208,26
Imie209,Nazwisko209,21
Imie210,Nazwisko210,82
Imie211,Nazwisko211,67
Imie212,Nazwisko212,9
Imie213,Nazwisko213,17
Imie214,Nazwisko214,6
Imie215,Nazwisko215,77
Imie216,Nazwisko216,49
Imie217,Nazwisko217,31
Imie218,Nazwisko218,68
Imie219,Nazwisko219,76
Imie220,Nazwisko220,56
Imie221,Nazwisko221,48
Imie222,Nazwisko222,35
Imie223,Nazwisko223,48
Imie224,Nazwisko224,67
Imie225,Nazwisko225,42
Imie226,Nazwisko226,65
Imie227,Nazwisko227,16
Imie228,Nazwisko228,63
Imie229,Nazwisko229,20
Imie230,Nazwisko230,26
Imie231,Nazwisko231,84
Imie232,Nazwisko232,37
Imie233,Nazwisko233,43
Imie234,Nazwisko234,12
Imie235,Nazwisko235,52
Imie236,Nazwisko236,16
Imie237,Nazwisko237,61
Imie238,Nazwisko238,72
Imie239,Nazwisko239,18
Imie240,Nazwisko240,80
Imie241,Nazwisko241,76
Imie242,Nazwisko242,72
Imie243,Nazwisko243,6
Imie244,Nazwisko244,68
Imie245,Nazwisko245,23
Imie246,Nazwisko246,5
Imie247,Nazwisko247,48
Imie248,Nazwisko248,80
Imie249,Nazwisko249,46
Imie250,Nazwisko250,48
Imie251,Nazwisko251,45
Imie252,Nazwisko252,65
Imie253,Nazwisko253,57
